Name,TotalZscore
Kershaw '15,1.74414009
Cole '19,1.425223862
deGrom '18,1.379103266
Kluber '17,1.252258639
Scherzer '16,0.581463702